Berry Pie Oatmeal,445,Breakfast
Berry Waffle Taco,350,Breakfast
Breakfast Banana Split,354,Breakfast
Cheesy Mushroom,345,Breakfast
Speed Huevos Rancheros,235,Breakfast
Strawberry Yogurt Smoothie,207,Breakfast
Yogurt Breakfast,100,Breakfast
Avocado Egg Salad Sandwich,350,Lunch
BLT Pasta Salad,431,Lunch
Buffalo Chicken Wraps,550,Lunch
Italian Deli Pinwheel Sandwiches,390,Lunch
Linguine with Bacon,358,Lunch
Tomato Salad,225,Lunch
Zoodles with Avocado,284,Lunch
Buffalo Chicken Enchiladas,568,Dinner
Chicken Scampi Pasta,212,Dinner
Instant Pot Salmon,161,Dinner
Lighter Chicken Parmesan,500,Dinner
Mac and Cheese,310,Dinner
Ravioli with Sage-Walnut Butter,613,Dinner
Tortellini in Brodo,270,Dinner